exercise_title,sesion_id,fecha,e1rm,peso_max,tonelaje
Back Extension (Weighted Hyperextension),50,2026-06-09,13.333333333333332,10.0,300.0
Behind the Back Curl (Cable),20,2026-01-26,16.0,12.0,340.0
Behind the Back Curl (Cable),56,2026-09-04,15.033333333333333,11.0,327.0
Behind the Back Curl (Cable),57,2026-09-10,15.033333333333333,11.0,327.0
Bench Press (Dumbbell),4,2025-11-24,49.333333333333336,40.0,864.0
Bench Press (Dumbbell),8,2025-12-01,52.0,40.0,984.0
Bench Press (Dumbbell),14,2025-12-22,50.666666666666664,40.0,960.0
Bench Press (Dumbbell),16,2026-01-14,50.666666666666664,40.0,624.0
Bench Press (Dumbbell),17,2026-01-20,42.666666666666664,32.0,880.0
Bench Press (Dumbbell),22,2026-01-30,37.33333333333333,28.0,840.0
Bench Press (Dumbbell),25,2026-02-05,50.666666666666664,40.0,944.0
Bench Press (Dumbbell),27,2026-02-13,50.666666666666664,40.0,896.0
Bench Press (Dumbbell),29,2026-02-20,43.06666666666666,34.0,892.0
Bench Press (Dumbbell),34,2026-03-05,45.33333333333333,34.0,612.0
Bench Press (Dumbbell),35,2026-03-12,48.13333333333333,38.0,1004.0
Bench Press (Dumbbell),39,2026-03-23,49.4,40.0,1174.0
Bench Press (Dumbbell),44,2026-04-16,48.0,36.0,948.0
Bench Press (Dumbbell),49,2026-06-08,45.599999999999994,36.0,928.0
Bench Press (Dumbbell),52,2026-08-25,34.666666666666664,26.0,740.0
Bench Press (Dumbbell),54,2026-09-02,38.0,30.0,780.0
Bench Press (Dumbbell),58,2026-09-14,45.33333333333333,34.0,912.0
Bench Press (Dumbbell),61,2026-09-30,37.33333333333333,28.0,820.0
Bicep Curl (Cable),7,2025-11-29,39.58333333333333,31.25,1110.0
Bicep Curl (Cable),22,2026-01-30,37.33333333333333,28.0,840.0
Bicep Curl (Cable),35,2026-03-12,37.33333333333333,28.0,800.0
Bicep Curl (Cable),47,2026-04-28,37.33333333333333,28.0,840.0
Cable Fly Crossovers,17,2026-01-20,28.0,21.0,630.0
Cable Fly Crossovers,29,2026-02-20,28.0,21.0,636.0
Cable Fly Crossovers,39,2026-03-23,23.333333333333332,17.5,525.0
Cable Fly Crossovers,54,2026-09-02,25.0,18.75,537.5
Calf Extension (Machine),18,2026-01-21,33.33333333333333,25.0,900.0
Calf Extension (Machine),36,2026-03-13,50.666666666666664,38.0,880.0
Calf Press (Machine),33,2026-03-04,161.0,115.0,4185.0
Chest Fly (Machine),4,2025-11-24,101.33333333333333,80.0,2920.0
Chest Fly (Machine),8,2025-12-01,106.66666666666666,80.0,2200.0
Chest Fly (Machine),16,2026-01-14,93.33333333333333,70.0,2000.0
Chest Fly (Machine),25,2026-02-05,95.0,75.0,1850.0
Chest Fly (Machine),32,2026-03-03,113.33333333333333,85.0,3000.0
Chest Fly (Machine),37,2026-03-16,113.33333333333333,85.0,2450.0
Chest Fly (Machine),47,2026-04-28,101.33333333333333,80.0,2090.0
Chest Fly (Machine),48,2026-06-01,86.66666666666666,65.0,1800.0
Chest Fly (Machine),49,2026-06-08,82.33333333333333,65.0,2270.0
Chest Fly (Machine),53,2026-08-26,66.66666666666666,50.0,1400.0
Chest Fly (Machine),54,2026-09-02,73.33333333333333,55.0,1350.0
Chest Fly (Machine),58,2026-09-14,76.66666666666666,57.5,1575.0
Chest Fly (Machine),61,2026-09-30,80.0,60.0,1860.0
Chest Supported Incline Row (Dumbbell),1,2025-11-20,37.33333333333333,28.0,760.0
Chest Supported Incline Row (Dumbbell),12,2025-12-10,42.666666666666664,32.0,1140.0
Chin Up (Weighted),2,2025-11-21,12.0,10.0,100.0
Chin Up (Weighted),12,2025-12-10,18.5,15.0,220.0
Chin Up (Weighted),34,2026-03-05,17.5,15.0,75.0
Chin Up (Weighted),40,2026-03-26,12.666666666666666,10.0,80.0
Chin Up (Weighted),46,2026-04-20,12.0,10.0,60.0
Cross Body Hammer Curl,4,2025-11-24,27.866666666666667,22.0,716.0
Crunch (Machine),50,2026-06-09,62.99999999999999,45.0,1620.0
Deadlift (Barbell),18,2026-01-21,60.0,45.0,1550.0
Deadlift (Barbell),24,2026-02-04,60.0,50.0,1000.0
Deadlift (Barbell),41,2026-03-27,53.33333333333333,40.0,720.0
Decline Bench Press (Machine),3,2025-11-22,78.0,65.0,1850.0
Decline Bench Press (Machine),21,2026-01-29,66.66666666666666,50.0,900.0
Decline Bench Press (Machine),25,2026-02-05,76.0,60.0,1400.0
Decline Bench Press (Machine),44,2026-04-16,80.0,60.0,1560.0
Decline Bench Press (Machine),48,2026-06-01,66.66666666666666,50.0,2170.0
Face Pull,2,2025-11-21,39.58333333333333,31.25,1137.5
Face Pull,5,2025-11-25,39.266666666666666,31.0,1152.0
Face Pull,9,2025-12-02,41.33333333333333,31.0,1182.0
Face Pull,11,2025-12-09,44.33333333333333,35.0,1182.0
Face Pull,16,2026-01-14,41.33333333333333,31.0,902.0
Face Pull,25,2026-02-05,41.33333333333333,31.0,956.0
Face Pull,41,2026-03-27,41.33333333333333,31.0,956.0
Front Raise (Cable),2,2025-11-21,20.0,15.0,570.0
Hack Squat (Machine),15,2026-01-13,13.333333333333332,10.0,400.0
Hack Squat (Machine),55,2026-09-03,20.0,15.0,450.0
Hammer Curl (Cable),20,2026-01-26,41.33333333333333,31.0,878.0
Hammer Curl (Cable),23,2026-02-02,41.33333333333333,31.0,980.0
Hammer Curl (Cable),26,2026-02-09,41.33333333333333,31.0,956.0
Hammer Curl (Dumbbell),8,2025-12-01,30.4,24.0,792.0
Hammer Curl (Dumbbell),12,2025-12-10,29.333333333333332,22.0,660.0
Hammer Curl (Dumbbell),19,2026-01-22,26.666666666666664,20.0,600.0
Hammer Curl (Dumbbell),28,2026-02-16,11.2,8.0,336.0
Hammer Curl (Dumbbell),31,2026-02-27,26.666666666666664,20.0,652.0
Hammer Curl (Dumbbell),34,2026-03-05,26.666666666666664,20.0,560.0
Hammer Curl (Dumbbell),37,2026-03-16,26.666666666666664,20.0,560.0
Hammer Curl (Dumbbell),40,2026-03-26,25.333333333333332,20.0,632.0
Hammer Curl (Dumbbell),46,2026-04-20,26.666666666666664,20.0,620.0
Hammer Curl (Dumbbell),51,2026-06-10,24.0,18.0,504.0
Hammer Curl (Dumbbell),56,2026-09-04,13.333333333333332,10.0,200.0
Hammer Curl (Dumbbell),57,2026-09-10,21.333333333333332,16.0,320.0
Hammer Curl (Dumbbell),59,2026-09-17,21.333333333333332,16.0,448.0
Hammer Curl (Dumbbell),63,2026-10-06,16.0,12.0,240.0
Hip Abduction (Machine),18,2026-01-21,140.0,105.0,3150.0
Hip Abduction (Machine),43,2026-04-01,153.33333333333331,115.0,4500.0
Hip Adduction (Machine),15,2026-01-13,133.0,95.0,3420.0
Hip Adduction (Machine),18,2026-01-21,153.33333333333331,115.0,3150.0
Hip Adduction (Machine),43,2026-04-01,175.0,125.0,5330.0
Incline Bench Press (Dumbbell),1,2025-11-20,44.400000000000006,38.0,714.0
Incline Bench Press (Smith Machine),6,2025-11-28,42.0,35.0,930.0
Incline Bench Press (Smith Machine),10,2025-12-08,45.0,37.5,890.0
Incline Bench Press (Smith Machine),16,2026-01-14,38.0,30.0,760.0
Incline Bench Press (Smith Machine),17,2026-01-20,45.0,37.5,770.0
Incline Bench Press (Smith Machine),21,2026-01-29,42.0,35.0,645.0
Incline Bench Press (Smith Machine),29,2026-02-20,36.0,30.0,660.0
Incline Bench Press (Smith Machine),31,2026-02-27,39.0,32.5,435.0
Incline Bench Press (Smith Machine),42,2026-03-30,39.0,30.0,520.0
Incline Bench Press (Smith Machine),61,2026-09-30,30.833333333333336,25.0,525.0
Incline Bench Press (Smith Machine),62,2026-10-05,34.83333333333333,27.5,670.0
Incline Chest Fly (Dumbbell),1,2025-11-20,16.0,12.0,480.0
Incline Chest Press (Machine),6,2025-11-28,114.0,90.0,3320.0
Incline Chest Press (Machine),10,2025-12-08,114.0,92.5,2875.0
Incline Chest Press (Machine),14,2025-12-22,116.66666666666666,87.5,3325.0
Incline Chest Press (Machine),21,2026-01-29,113.33333333333333,90.0,2140.0
Incline Chest Press (Machine),31,2026-02-27,116.66666666666667,100.0,1930.0
Incline Chest Press (Machine),38,2026-03-21,126.41666666666667,102.5,2372.5
Incline Chest Press (Machine),48,2026-06-01,106.66666666666666,80.0,2350.0
Incline Chest Press (Machine),49,2026-06-08,88.66666666666666,70.0,1670.0
Incline Chest Press (Machine),54,2026-09-02,80.0,60.0,2050.0
Incline Chest Press (Machine),58,2026-09-14,93.33333333333333,70.0,1950.0
Incline Chest Press (Machine),62,2026-10-05,93.33333333333333,70.0,1950.0
Iso-Lateral High Row (Machine),42,2026-03-30,53.33333333333333,40.0,1150.0
Iso-Lateral Row (Machine),6,2025-11-28,76.0,60.0,1480.0
Iso-Lateral Row (Machine),19,2026-01-22,82.33333333333333,65.0,1670.0
Iso-Lateral Row (Machine),28,2026-02-16,88.66666666666666,70.0,1760.0
Iso-Lateral Row (Machine),34,2026-03-05,86.66666666666666,65.0,1250.0
Iso-Lateral Row (Machine),40,2026-03-26,93.33333333333333,70.0,1950.0
Iso-Lateral Row (Machine),45,2026-04-17,73.33333333333333,55.0,1450.0
Iso-Lateral Row (Machine),46,2026-04-20,88.66666666666666,70.0,1810.0
Iso-Lateral Row (Machine),51,2026-06-10,80.0,60.0,1680.0
Landmine Row,23,2026-02-02,80.0,60.0,1500.0
Lat Pulldown (Cable),3,2025-11-22,64.66666666666666,48.5,1940.0
Lat Pulldown (Cable),26,2026-02-09,54.46666666666666,43.0,1032.0
Lat Pulldown (Cable),53,2026-08-26,62.666666666666664,47.0,1410.0
Lat Pulldown (Cable),56,2026-09-04,77.9,57.0,1708.0
Lat Pulldown (Cable),59,2026-09-17,91.56666666666666,67.0,2158.0
Lat Pulldown (Cable),63,2026-10-06,89.33333333333333,67.0,1910.0
Lat Pulldown (Machine),19,2026-01-22,107.66666666666666,85.0,1430.0
Lat Pulldown (Machine),23,2026-02-02,123.5,95.0,2605.0
Lat Pulldown (Machine),35,2026-03-12,114.0,90.0,2320.0
Lat Pulldown (Machine),37,2026-03-16,120.33333333333333,95.0,3310.0
Lat Pulldown (Machine),40,2026-03-26,123.5,95.0,1555.0
Lat Pulldown (Machine),45,2026-04-17,113.33333333333333,85.0,1530.0
Lat Pulldown (Machine),47,2026-04-28,114.0,90.0,2370.0
Lat Pulldown (Machine),51,2026-06-10,101.33333333333333,80.0,2020.0
Lat Pulldown (Machine),57,2026-09-10,100.0,75.0,2280.0
Lat Pulldown - Close Grip (Cable),20,2026-01-26,49.4,38.0,902.0
Lateral Raise (Dumbbell),9,2025-12-02,18.666666666666664,14.0,260.0
Lateral Raise (Dumbbell),11,2025-12-09,20.266666666666666,16.0,268.0
Lateral Raise (Dumbbell),13,2025-12-16,20.266666666666666,16.0,436.0
Lateral Raise (Dumbbell),39,2026-03-23,20.8,16.0,628.0
Lateral Raise (Machine),58,2026-09-14,10.0,7.5,225.0
Lateral Raise (Machine),62,2026-10-05,10.5,7.5,277.5
Leg Extension (Machine),15,2026-01-13,31.499999999999996,22.5,940.0
Leg Extension (Machine),18,2026-01-21,60.0,45.0,1200.0
Leg Extension (Machine),24,2026-02-04,57.0,45.0,1110.0
Leg Extension (Machine),33,2026-03-04,60.0,45.0,1300.0
Leg Extension (Machine),43,2026-04-01,63.33333333333333,50.0,1650.0
Leg Extension (Machine),55,2026-09-03,80.0,60.0,2460.0
Leg Extension (Machine),60,2026-09-18,80.0,60.0,2210.0
Leg Press (Machine),30,2026-02-26,126.66666666666666,100.0,2150.0
Leg Press (Machine),36,2026-03-13,139.33333333333331,110.0,3130.0
Leg Press Horizontal (Machine),33,2026-03-04,126.66666666666666,95.0,2650.0
Low Cable Fly Crossovers,39,2026-03-23,16.666666666666664,12.5,370.0
Low Cable Fly Crossovers,44,2026-04-16,16.666666666666664,12.5,370.0
Low Cable Fly Crossovers,54,2026-09-02,11.666666666666666,8.75,262.5
Lying Leg Curl (Machine),41,2026-03-27,83.33333333333333,62.5,1860.0
Lying Leg Curl (Machine),60,2026-09-18,73.33333333333333,55.0,1700.0
Overhead Press (Dumbbell),2,2025-11-21,38.0,32.0,660.0
Overhead Press (Dumbbell),5,2025-11-25,40.8,34.0,704.0
Overhead Press (Dumbbell),7,2025-11-29,40.8,34.0,704.0
Overhead Press (Dumbbell),13,2025-12-16,39.46666666666667,34.0,570.0
Overhead Press (Dumbbell),22,2026-01-30,35.46666666666667,28.0,448.0
Overhead Triceps Extension (Cable),3,2025-11-22,38.0,31.5,1053.0
Overhead Triceps Extension (Cable),7,2025-11-29,39.9,31.5,1087.0
Overhead Triceps Extension (Cable),16,2026-01-14,35.33333333333333,26.5,1080.0
Overhead Triceps Extension (Cable),25,2026-02-05,41.6,28.0,1008.0
Overhead Triceps Extension (Cable),29,2026-02-20,35.53333333333333,26.0,776.0
Overhead Triceps Extension (Cable),32,2026-03-03,34.666666666666664,26.0,780.0
Overhead Triceps Extension (Cable),44,2026-04-16,30.666666666666664,23.0,690.0
Overhead Triceps Extension (Cable),48,2026-06-01,28.0,21.0,600.0
Overhead Triceps Extension (Cable),49,2026-06-08,28.0,21.0,630.0
Overhead Triceps Extension (Cable),61,2026-09-30,28.0,21.0,630.0
Overhead Triceps Extension (Cable),62,2026-10-05,28.0,21.0,630.0
Pendulum Squat (Machine),33,2026-03-04,63.33333333333333,50.0,1120.0
Pendulum Squat (Machine),36,2026-03-13,66.66666666666666,50.0,1300.0
Preacher Curl (Barbell),3,2025-11-22,15.833333333333332,12.5,300.0
Preacher Curl (Barbell),10,2025-12-08,13.333333333333332,10.0,200.0
Preacher Curl (Barbell),19,2026-01-22,15.416666666666668,12.5,262.5
Preacher Curl (Barbell),46,2026-04-20,15.833333333333332,12.5,280.0
Preacher Curl (Machine),23,2026-02-02,80.0,60.0,2268.0
Preacher Curl (Machine),26,2026-02-09,80.0,60.0,1911.0
Preacher Curl (Machine),28,2026-02-16,74.19999999999999,53.0,2028.0
Preacher Curl (Machine),34,2026-03-05,74.19999999999999,53.0,1802.0
Preacher Curl (Machine),37,2026-03-16,84.0,65.0,1770.0
Preacher Curl (Machine),38,2026-03-21,86.66666666666666,67.0,2048.0
Preacher Curl (Machine),40,2026-03-26,89.33333333333333,70.0,1949.0
Preacher Curl (Machine),42,2026-03-30,89.33333333333333,74.0,1828.0
Preacher Curl (Machine),45,2026-04-17,80.0,60.0,1844.0
Preacher Curl (Machine),51,2026-06-10,76.0,60.0,2178.0
Preacher Curl (Machine),56,2026-09-04,58.266666666666666,46.0,758.0
Preacher Curl (Machine),57,2026-09-10,61.33333333333333,46.0,828.0
Preacher Curl (Machine),59,2026-09-17,70.66666666666666,53.0,1414.0
Rear Delt Reverse Fly (Machine),7,2025-11-29,63.33333333333333,50.0,850.0
Rear Delt Reverse Fly (Machine),11,2025-12-09,74.0,60.0,1365.0
Rear Delt Reverse Fly (Machine),13,2025-12-16,73.33333333333333,55.0,1650.0
Rear Delt Reverse Fly (Machine),23,2026-02-02,73.33333333333333,55.0,1550.0
Rear Delt Reverse Fly (Machine),37,2026-03-16,73.33333333333333,55.0,1500.0
Rear Delt Reverse Fly (Machine),60,2026-09-18,56.0,40.0,1380.0
Romanian Deadlift (Barbell),15,2026-01-13,28.0,20.0,680.0
Romanian Deadlift (Barbell),36,2026-03-13,50.666666666666664,40.0,1170.0
Romanian Deadlift (Barbell),43,2026-04-01,46.666666666666664,35.0,850.0
Romanian Deadlift (Barbell),55,2026-09-03,26.666666666666664,20.0,600.0
Rope Cable Curl,53,2026-08-26,28.0,21.0,840.0
Rope Straight Arm Pulldown,40,2026-03-26,39.266666666666666,31.0,920.0
Rope Straight Arm Pulldown,51,2026-06-10,29.4,21.0,672.0
Seated Cable Row - Bar Wide Grip,31,2026-02-27,57.33333333333333,43.0,1375.0
Seated Cable Row - Bar Wide Grip,37,2026-03-16,102.66666666666666,77.0,2110.0
Seated Cable Row - Bar Wide Grip,42,2026-03-30,102.66666666666666,77.0,2110.0
Seated Cable Row - Bar Wide Grip,56,2026-09-04,76.0,57.0,1710.0
Seated Cable Row - Bar Wide Grip,59,2026-09-17,76.0,57.0,1710.0
Seated Cable Row - V Grip (Cable),8,2025-12-01,122.86666666666666,97.0,2322.0
Seated Cable Row - V Grip (Cable),19,2026-01-22,110.19999999999999,87.0,1506.0
Seated Cable Row - V Grip (Cable),26,2026-02-09,110.19999999999999,87.0,1506.0
Seated Cable Row - V Grip (Cable),32,2026-03-03,110.19999999999999,87.0,1366.0
Seated Cable Row - V Grip (Cable),35,2026-03-12,129.33333333333331,97.0,1666.0
Seated Cable Row - V Grip (Cable),56,2026-09-04,89.33333333333333,67.0,1340.0
Seated Cable Row - V Grip (Cable),57,2026-09-10,102.66666666666666,77.0,2010.0
Seated Cable Row - V Grip (Cable),63,2026-10-06,102.66666666666666,77.0,2244.0
Seated Calf Raise,15,2026-01-13,26.666666666666664,20.0,550.0
Seated Calf Raise,30,2026-02-26,35.0,25.0,900.0
Seated Calf Raise,43,2026-04-01,30.0,20.0,900.0
Seated Calf Raise,55,2026-09-03,30.0,20.0,1200.0
Seated Dip Machine,29,2026-02-20,113.33333333333333,85.0,2550.0
Seated Dip Machine,52,2026-08-25,93.33333333333333,70.0,2625.0
Seated Dip Machine,58,2026-09-14,100.0,75.0,2230.0
Seated Incline Curl (Dumbbell),1,2025-11-20,17.733333333333334,14.0,464.0
Seated Incline Curl (Dumbbell),63,2026-10-06,13.333333333333332,10.0,300.0
Seated Leg Curl (Machine),18,2026-01-21,73.33333333333333,55.0,2000.0
Seated Leg Curl (Machine),24,2026-02-04,73.33333333333333,55.0,1550.0
Seated Leg Curl (Machine),33,2026-03-04,86.66666666666666,65.0,1850.0
Seated Row (Machine),20,2026-01-26,111.0,90.0,2660.0
Seated Row (Machine),26,2026-02-09,120.0,90.0,2500.0
Seated Row (Machine),38,2026-03-21,120.33333333333333,95.0,2435.0
Seated Row (Machine),47,2026-04-28,100.0,75.0,2250.0
Seated Row (Machine),52,2026-08-25,73.33333333333333,55.0,1650.0
Seated Row (Machine),63,2026-10-06,73.33333333333333,55.0,1650.0
Seated Shoulder Press (Machine),11,2025-12-09,60.0,45.0,1275.0
Seated Shoulder Press (Machine),38,2026-03-21,60.0,45.0,1200.0
Seated Shoulder Press (Machine),47,2026-04-28,46.666666666666664,35.0,950.0
Seated Shoulder Press (Machine),52,2026-08-25,33.33333333333333,25.0,650.0
Seated Shoulder Press (Machine),58,2026-09-14,40.0,30.0,850.0
Shoulder Press (Machine Plates),62,2026-10-05,33.33333333333333,25.0,600.0
Single Arm Cable Row,12,2025-12-10,55.099999999999994,43.5,1018.0
Single Arm Lateral Raise (Cable),5,2025-11-25,10.0,7.5,225.0
Single Arm Lateral Raise (Cable),7,2025-11-29,10.0,7.5,225.0
Single Arm Lateral Raise (Cable),9,2025-12-02,11.666666666666666,8.75,350.0
Single Arm Lateral Raise (Cable),11,2025-12-09,13.333333333333332,10.0,175.0
Single Arm Lateral Raise (Cable),13,2025-12-16,13.333333333333332,10.0,275.0
Single Arm Lateral Raise (Cable),16,2026-01-14,11.666666666666666,8.75,237.5
Single Arm Lateral Raise (Cable),17,2026-01-20,11.666666666666666,8.75,350.0
Single Arm Lateral Raise (Cable),22,2026-01-30,11.666666666666666,8.75,240.0
Single Arm Lateral Raise (Cable),27,2026-02-13,11.666666666666666,8.75,262.5
Single Arm Lateral Raise (Cable),31,2026-02-27,14.25,11.25,267.5
Single Arm Lateral Raise (Cable),32,2026-03-03,14.25,11.25,267.5
Single Arm Lateral Raise (Cable),35,2026-03-12,14.25,11.25,280.0
Single Arm Lateral Raise (Cable),44,2026-04-16,10.666666666666666,8.0,224.0
Single Arm Lateral Raise (Cable),49,2026-06-08,13.333333333333332,10.0,280.0
Single Arm Lateral Raise (Cable),53,2026-08-26,10.0,7.5,210.0
Single Arm Lateral Raise (Cable),60,2026-09-18,11.666666666666666,8.75,262.5
Single Arm Lateral Raise (Cable),61,2026-09-30,13.333333333333332,10.0,287.5
Single Arm Triceps Pushdown (Cable),41,2026-03-27,13.333333333333332,10.0,275.0
Single Arm Triceps Pushdown (Cable),53,2026-08-26,10.0,7.5,225.0
Skullcrusher (Barbell),4,2025-11-24,14.0,10.0,480.0
Squat (Machine),60,2026-09-18,46.666666666666664,35.0,1100.0
Standing Leg Curls,30,2026-02-26,60.0,45.0,1200.0
Straight Arm Lat Pulldown (Cable),19,2026-01-22,39.266666666666666,31.0,768.0
Straight Arm Lat Pulldown (Cable),20,2026-01-26,37.33333333333333,28.0,800.0
Straight Arm Lat Pulldown (Cable),23,2026-02-02,39.266666666666666,31.0,768.0
Straight Arm Lat Pulldown (Cable),56,2026-09-04,28.0,21.0,840.0
Straight Arm Lat Pulldown (Cable),59,2026-09-17,28.0,21.0,630.0
Triceps Extension (Cable),17,2026-01-20,14.666666666666666,11.0,300.0
Triceps Extension (Cable),31,2026-02-27,17.333333333333332,13.0,350.0
Triceps Extension (Cable),35,2026-03-12,14.666666666666666,11.0,330.0
Triceps Extension (Cable),39,2026-03-23,14.666666666666666,11.0,330.0
Triceps Extension (Cable),44,2026-04-16,14.666666666666666,11.0,330.0
Triceps Pressdown,39,2026-03-23,46.666666666666664,35.0,980.0
Triceps Pressdown,47,2026-04-28,42.0,31.5,945.0
Triceps Pressdown,48,2026-06-01,42.0,31.5,945.0
Triceps Pressdown,54,2026-09-02,32.0,24.0,720.0
Triceps Pressdown,61,2026-09-30,37.33333333333333,28.0,800.0
Triceps Pushdown,7,2025-11-29,45.916666666666664,36.25,1310.0
Triceps Pushdown,21,2026-01-29,45.916666666666664,36.25,1310.0
Triceps Pushdown,32,2026-03-03,45.0,33.75,337.5
Triceps Rope Pushdown,1,2025-11-20,34.666666666666664,26.0,700.0
Triceps Rope Pushdown,17,2026-01-20,30.666666666666664,23.0,690.0
Triceps Rope Pushdown,32,2026-03-03,30.666666666666664,23.0,690.0
Triceps Rope Pushdown,62,2026-10-05,28.0,21.0,550.0
Zottman Curl (Dumbbell),51,2026-06-10,10.666666666666666,8.0,240.0
Zottman Curl (Dumbbell),52,2026-08-25,10.666666666666666,8.0,224.0
