ejercicio,principal,sesiones,primera,ultima,e1rm_primero,e1rm_max,fecha_max,e1rm_ultimo,cambio_total_%,ult4_vs_previo_%,sesiones_desde_record,dias_desde_record
Bench Press (Dumbbell),True,18,2025-11-24,2026-09-30,49.3,52.0,2025-12-01,37.3,-24.3,-12.8,16,303
Single Arm Lateral Raise (Cable),True,17,2025-11-25,2026-09-30,10.0,14.2,2026-02-27,13.3,33.3,-6.4,7,215
Hammer Curl (Dumbbell),True,14,2025-12-01,2026-10-06,30.4,30.4,2025-12-01,16.0,-47.4,-29.8,13,309
Chest Fly (Machine),True,13,2025-11-24,2026-09-30,101.3,113.3,2026-03-03,80.0,-21.1,-29.4,8,211
Preacher Curl (Machine),True,13,2026-02-02,2026-09-17,80.0,89.3,2026-03-26,70.7,-11.7,-14.9,6,175
Incline Chest Press (Machine),True,11,2025-11-28,2026-10-05,114.0,126.4,2026-03-21,93.3,-18.1,-26.2,5,198
Overhead Triceps Extension (Cable),True,11,2025-11-22,2026-10-05,38.0,41.6,2026-02-05,28.0,-26.3,-32.7,7,242
Incline Bench Press (Smith Machine),True,10,2025-11-28,2026-10-05,42.0,45.0,2025-12-08,34.8,-17.1,-13.3,8,301
Lat Pulldown (Machine),True,9,2026-01-22,2026-09-10,107.7,123.5,2026-02-02,100.0,-7.1,-7.7,7,220
Iso-Lateral Row (Machine),True,8,2025-11-28,2026-06-10,76.0,93.3,2026-03-26,80.0,5.3,5.3,3,76
Seated Cable Row - V Grip (Cable),True,8,2025-12-01,2026-10-06,122.9,129.3,2026-03-12,102.7,-16.4,5.3,3,208
Leg Extension (Machine),True,7,2026-01-13,2026-09-18,31.5,80.0,2026-09-03,80.0,154.0,33.3,1,15
Lat Pulldown (Cable),True,6,2025-11-22,2026-10-06,64.7,91.6,2026-09-17,89.3,38.1,41.6,1,19
Seated Row (Machine),True,6,2026-01-26,2026-10-06,111.0,120.3,2026-03-21,73.3,-33.9,0.3,3,199
Overhead Press (Dumbbell),True,5,2025-11-21,2026-01-30,38.0,40.8,2025-11-25,35.5,-6.7,7.4,3,66
Seated Shoulder Press (Machine),True,5,2025-12-09,2026-09-14,60.0,60.0,2025-12-09,40.0,-33.3,0.0,4,279
Romanian Deadlift (Barbell),True,4,2026-01-13,2026-09-03,28.0,50.7,2026-03-13,26.7,-4.8,81.0,2,174
Deadlift (Barbell),True,3,2026-01-21,2026-03-27,60.0,60.0,2026-01-21,53.3,-11.1,0.0,2,65
Seated Leg Curl (Machine),True,3,2026-01-21,2026-03-04,73.3,86.7,2026-03-04,86.7,18.2,18.2,0,0
Face Pull,False,7,2025-11-21,2026-03-27,39.6,44.3,2025-12-09,41.3,4.4,7.3,3,108
Rear Delt Reverse Fly (Machine),False,6,2025-11-29,2026-09-18,63.3,74.0,2025-12-09,56.0,-11.6,-0.9,4,283
Chin Up (Weighted),False,5,2025-11-21,2026-04-20,12.0,18.5,2025-12-10,12.0,0.0,54.2,3,131
Decline Bench Press (Machine),False,5,2025-11-22,2026-06-01,78.0,80.0,2026-04-16,66.7,-14.5,2.6,1,46
Seated Cable Row - Bar Wide Grip,False,5,2026-02-27,2026-09-17,57.3,102.7,2026-03-16,76.0,32.6,79.1,3,185
Straight Arm Lat Pulldown (Cable),False,5,2026-01-22,2026-09-17,39.3,39.3,2026-01-22,28.0,-28.7,0.0,4,238
Triceps Extension (Cable),False,5,2026-01-20,2026-04-16,14.7,17.3,2026-02-27,14.7,0.0,18.2,3,48
Triceps Pressdown,False,5,2026-03-23,2026-09-30,46.7,46.7,2026-03-23,37.3,-20.0,-10.0,4,191
Bicep Curl (Cable),False,4,2025-11-29,2026-04-28,39.6,39.6,2025-11-29,37.3,-5.7,0.0,3,150
Cable Fly Crossovers,False,4,2026-01-20,2026-09-02,28.0,28.0,2026-01-20,25.0,-10.7,0.0,3,225
Lateral Raise (Dumbbell),False,4,2025-12-02,2026-03-23,18.7,20.8,2026-03-23,20.8,11.4,11.4,0,0
Preacher Curl (Barbell),False,4,2025-11-22,2026-04-20,15.8,15.8,2025-11-22,15.8,0.0,0.0,3,149
Seated Calf Raise,False,4,2026-01-13,2026-09-03,26.7,35.0,2026-02-26,30.0,12.5,31.3,2,189
Triceps Rope Pushdown,False,4,2025-11-20,2026-10-05,34.7,34.7,2025-11-20,28.0,-19.2,0.0,3,319
Behind the Back Curl (Cable),False,3,2026-01-26,2026-09-10,16.0,16.0,2026-01-26,15.0,-6.0,0.0,2,227
Hammer Curl (Cable),False,3,2026-01-26,2026-02-09,41.3,41.3,2026-01-26,41.3,0.0,0.0,2,14
Hip Adduction (Machine),False,3,2026-01-13,2026-04-01,133.0,175.0,2026-04-01,175.0,31.6,31.6,0,0
Low Cable Fly Crossovers,False,3,2026-03-23,2026-09-02,16.7,16.7,2026-03-23,11.7,-30.0,0.0,2,163
Seated Dip Machine,False,3,2026-02-20,2026-09-14,113.3,113.3,2026-02-20,100.0,-11.8,0.0,2,206
Triceps Pushdown,False,3,2025-11-29,2026-03-03,45.9,45.9,2025-11-29,45.0,-2.0,0.0,2,94
