musculo,media_todas_semanas,media_semanas_con_entreno,media_desde_25ago,frecuencia_media_semana_activa
biceps,5.0,8.1,7.9,1.03
pecho,5.0,8.1,8.6,1.14
triceps,4.6,7.4,7.3,0.9
dorsal,3.8,6.1,6.6,0.97
espalda_media,2.6,4.2,3.7,0.9
hombro_anterior,2.4,3.9,4.0,0.38
hombro_lateral,1.8,3.0,3.0,0.69
hombro_posterior,1.8,3.0,2.3,0.41
cuadriceps,1.2,2.0,3.0,0.31
gluteo,1.1,1.8,1.3,0.34
isquios,0.9,1.5,1.2,0.34
antebrazo,0.7,1.2,0.9,
aductores,0.5,0.8,0.7,0.1
gemelo,0.5,0.8,0.8,0.24
lumbar,0.4,0.6,0.3,0.14
abdomen,0.3,0.4,0.0,0.1
