,sesiones
2025-11-17/2025-11-23,3
2025-11-24/2025-11-30,4
2025-12-01/2025-12-07,2
2025-12-08/2025-12-14,3
2025-12-15/2025-12-21,1
2025-12-22/2025-12-28,1
2025-12-29/2026-01-04,0
2026-01-05/2026-01-11,0
2026-01-12/2026-01-18,2
2026-01-19/2026-01-25,3
2026-01-26/2026-02-01,3
2026-02-02/2026-02-08,3
2026-02-09/2026-02-15,2
2026-02-16/2026-02-22,2
2026-02-23/2026-03-01,2
2026-03-02/2026-03-08,3
2026-03-09/2026-03-15,2
2026-03-16/2026-03-22,2
2026-03-23/2026-03-29,3
2026-03-30/2026-04-05,2
2026-04-06/2026-04-12,0
2026-04-13/2026-04-19,2
2026-04-20/2026-04-26,1
2026-04-27/2026-05-03,1
2026-05-04/2026-05-10,0
2026-05-11/2026-05-17,0
2026-05-18/2026-05-24,0
2026-05-25/2026-05-31,0
2026-06-01/2026-06-07,1
2026-06-08/2026-06-14,3
2026-06-15/2026-06-21,0
2026-06-22/2026-06-28,0
2026-06-29/2026-07-05,0
2026-07-06/2026-07-12,0
2026-07-13/2026-07-19,0
2026-07-20/2026-07-26,0
2026-07-27/2026-08-02,0
2026-08-03/2026-08-09,0
2026-08-10/2026-08-16,0
2026-08-17/2026-08-23,0
2026-08-24/2026-08-30,2
2026-08-31/2026-09-06,3
2026-09-07/2026-09-13,1
2026-09-14/2026-09-20,3
2026-09-21/2026-09-27,0
2026-09-28/2026-10-04,1
2026-10-05/2026-10-11,2
